agent_id,geometry
1,"LINESTRING(-112.1090635 33.4675497,-112.0915009 33.4633006)"
2,"LINESTRING(-112.1069109 33.4666035,-112.0965481 33.4668747)"
