agent_id,geometry,time_sequence
1,"LINESTRING (-111.894852 33.407430,-111.894273 33.407430,-111.893691 33.407422,-111.893101 33.407402,-111.892513 33.407380,-111.891938 33.407358,-111.891384 33.407353,-111.890837 33.407353,-111.890278 33.407356,-111.889715 33.407377,-111.889142 33.407403,-111.888573 33.407427,-111.888019 33.407441,)",20640;20645;20650;20655;20660;20670;20680;20690;20700;20700;20720;20730;20740;,
